{
  "v1_interpolation_rounds20": {
    "method": "v1_interpolation",
    "n_rounds": 20,
    "mean_attack_attacker_delta": -0.018529411764705878,
    "mean_benign_attacker_delta": -0.01705882352941177,
    "gap": -0.001470588235294109,
    "mean_attack_victim_delta": -0.003627450980392158,
    "attack_attacker_deltas_raw": [
      0.025000000000000022,
      0.034999999999999976,
      -0.09500000000000003,
      -0.05999999999999994,
      0.004999999999999999,
      0.09000000000000002,
      0.0,
      0.13499999999999995,
      0.050000000000000044,
      0.0,
      0.0,
      -0.12500000000000003,
      -0.03,
      -0.06000000000000005,
      -0.05499999999999999,
      0.0050000000000000044,
      0.19000000000000003,
      0.0,
      0.005,
      -0.325,
      0.0,
      0.005,
      0.0,
      0.050000000000000044,
      0.025000000000000022,
      0.024999999999999994,
      -0.05499999999999994,
      -0.26999999999999996,
      -0.010000000000000009,
      -0.04000000000000001,
      0.0,
      0.0,
      0.0,
      -0.065,
      0.05500000000000005,
      0.030000000000000027,
      -0.07999999999999996,
      0.0,
      -0.245,
      -0.0050000000000000044,
      0.0,
      0.0,
      -0.05500000000000005,
      0.0,
      0.0,
      0.0,
      -0.05499999999999999,
      0.029999999999999916,
      -0.005,
      -0.0050000000000000044,
      -0.06499999999999997
    ],
    "benign_attacker_deltas_raw": [
      0.0,
      0.044999999999999984,
      -0.015000000000000013,
      -0.015000000000000013,
      0.004999999999999999,
      0.030000000000000027,
      0.01,
      0.13999999999999996,
      -0.11499999999999999,
      0.0,
      0.0,
      -0.030000000000000027,
      -0.024999999999999994,
      -0.135,
      -0.095,
      -0.0050000000000000044,
      0.0,
      0.0,
      0.0,
      0.015000000000000013,
      0.0,
      0.0,
      0.0,
      0.010000000000000009,
      -0.015000000000000013,
      -0.065,
      -0.07499999999999996,
      -0.09499999999999997,
      -0.10499999999999998,
      -0.020000000000000018,
      0.0,
      0.004999999999999999,
      0.0,
      -0.05499999999999999,
      0.0050000000000000044,
      -0.03500000000000003,
      -0.030000000000000027,
      0.0,
      -0.05500000000000005,
      0.0050000000000000044,
      0.0,
      -0.02,
      0.04499999999999993,
      0.0,
      0.0,
      0.0,
      -0.024999999999999994,
      0.029999999999999916,
      0.005,
      -0.06,
      -0.12999999999999998
    ]
  },
  "v1_interpolation_rounds100": {
    "method": "v1_interpolation",
    "n_rounds": 100,
    "mean_attack_attacker_delta": 0.026960784313725495,
    "mean_benign_attacker_delta": -0.0557843137254902,
    "gap": 0.08274509803921569,
    "mean_attack_victim_delta": -0.008823529411764707,
    "attack_attacker_deltas_raw": [
      0.03499999999999992,
      0.185,
      -0.07500000000000001,
      0.010000000000000009,
      -0.01,
      0.13,
      0.0,
      0.33499999999999996,
      0.030000000000000027,
      0.0,
      0.0,
      0.044999999999999984,
      -0.045,
      -0.030000000000000027,
      -0.035,
      0.0,
      0.45500000000000007,
      0.0,
      0.0,
      -0.14500000000000002,
      0.0,
      0.11,
      0.0,
      0.09000000000000008,
      0.010000000000000009,
      0.04999999999999999,
      0.025000000000000022,
      0.375,
      -0.09999999999999998,
      0.20999999999999996,
      0.0,
      0.004999999999999999,
      0.01,
      -0.09,
      0.08500000000000008,
      0.06500000000000006,
      -0.20500000000000002,
      0.0,
      -0.25,
      0.010000000000000009,
      0.0,
      0.049999999999999996,
      0.06499999999999995,
      0.0,
      0.005,
      0.0,
      -0.0050000000000000044,
      -0.0050000000000000044,
      -0.005,
      -0.010000000000000009,
      -0.004999999999999949
    ],
    "benign_attacker_deltas_raw": [
      -0.050000000000000044,
      0.034999999999999976,
      -0.07,
      -0.029999999999999916,
      0.01,
      -0.10499999999999998,
      0.0,
      -0.17000000000000004,
      -0.37499999999999994,
      0.0,
      0.0,
      0.05499999999999999,
      -0.045,
      -0.23000000000000004,
      -0.13,
      -0.015000000000000013,
      -0.12,
      0.0,
      0.0,
      -0.16500000000000004,
      0.0,
      0.02,
      0.0,
      0.03500000000000003,
      -0.07000000000000006,
      -0.11000000000000001,
      -0.04499999999999993,
      -0.06499999999999995,
      -0.16999999999999998,
      0.03999999999999998,
      0.0,
      -0.005,
      -0.01,
      -0.065,
      -0.020000000000000018,
      -0.05499999999999994,
      -0.27,
      0.0,
      -0.30500000000000005,
      0.0050000000000000044,
      0.0050000000000000044,
      -0.025,
      -0.015000000000000013,
      0.0,
      0.0,
      0.0,
      -0.024999999999999994,
      0.019999999999999907,
      -0.005,
      -0.16000000000000003,
      -0.14499999999999996
    ]
  },
  "v1_interpolation_rounds200": {
    "method": "v1_interpolation",
    "n_rounds": 200,
    "mean_attack_attacker_delta": 0.03245098039215687,
    "mean_benign_attacker_delta": -0.09294117647058822,
    "gap": 0.12539215686274507,
    "mean_attack_victim_delta": -0.025784313725490202,
    "attack_attacker_deltas_raw": [
      -0.020000000000000018,
      0.21000000000000002,
      -0.03999999999999998,
      -0.015000000000000013,
      0.01,
      0.21000000000000002,
      0.01,
      0.39,
      0.05500000000000005,
      0.0,
      0.0,
      0.12,
      -0.06,
      -0.07500000000000001,
      -0.05000000000000002,
      -0.015000000000000013,
      0.5750000000000001,
      0.0,
      0.0,
      -0.32,
      0.0,
      0.215,
      0.0,
      0.11499999999999999,
      0.03499999999999992,
      0.15,
      0.07500000000000007,
      0.37,
      -0.08499999999999999,
      0.2,
      0.0,
      0.004999999999999999,
      0.004999999999999999,
      -0.075,
      0.08000000000000007,
      0.05500000000000005,
      -0.20500000000000002,
      0.0,
      -0.28,
      0.010000000000000009,
      0.0,
      0.045000000000000005,
      0.05999999999999994,
      0.0,
      0.0,
      0.0,
      -0.009999999999999981,
      -0.010000000000000009,
      -0.005,
      -0.03500000000000003,
      -0.044999999999999984
    ],
    "benign_attacker_deltas_raw": [
      -0.10500000000000004,
      -0.01999999999999999,
      -0.13,
      -0.07499999999999996,
      0.019999999999999997,
      -0.15,
      0.0,
      -0.27,
      -0.7849999999999999,
      0.0,
      0.0,
      0.08999999999999997,
      -0.06,
      -0.4,
      -0.15000000000000002,
      -0.025000000000000022,
      -0.185,
      0.0,
      0.0,
      -0.3,
      0.0,
      0.015,
      0.0,
      -0.034999999999999976,
      -0.09000000000000008,
      -0.155,
      -0.11499999999999999,
      0.14,
      -0.19,
      -0.0050000000000000044,
      0.0,
      -0.01,
      -0.01,
      -0.105,
      -0.07999999999999996,
      -0.10999999999999999,
      -0.305,
      0.0,
      -0.405,
      0.0050000000000000044,
      0.0,
      -0.025,
      -0.03500000000000003,
      0.0,
      0.0,
      0.0,
      -0.13,
      -0.050000000000000044,
      -0.005,
      -0.355,
      -0.13999999999999999
    ]
  },
  "v2_meanshift_rounds20": {
    "method": "v2_meanshift",
    "n_rounds": 20,
    "mean_attack_attacker_delta": -0.03568627450980392,
    "mean_benign_attacker_delta": -0.01843137254901961,
    "gap": -0.01725490196078431,
    "mean_attack_victim_delta": -0.002156862745098039,