{
  "epoch": [
    1,
    2,
    3,
    4,
    5,
    6,
    7,
    8,
    9,
    10,
    11,
    12,
    13,
    14,
    15,
    16,
    17,
    18,
    19,
    20,
    21,
    22,
    23,
    24,
    25,
    26,
    27,
    28,
    29,
    30,
    31,
    32,
    33,
    34,
    35,
    36,
    37,
    38,
    39,
    40,
    41,
    42,
    43,
    44,
    45,
    46,
    47,
    48,
    49,
    50
  ],
  "train_loss": [
    0.12296036258339882,
    0.10354179970920085,
    0.08923293054103851,
    0.09552671454846859,
    0.08171026185154914,
    0.08338264763355255,
    0.0786250563338399,
    0.07498855050653219,
    0.06340785395354033,
    0.06991974979639054,
    0.06875234473496676,
    0.0650539955496788,
    0.06803569369018078,
    0.0700933900475502,
    0.06300491575151682,
    0.06451674818992614,
    0.05997383315116167,
    0.06000669948756695,
    0.06341721814125777,
    0.050076304189860824,
    0.051616050377488135,
    0.051771416384726765,
    0.054443492256104946,
    0.05304368581622839,
    0.05179354030638933,
    0.05392674243077636,
    0.05561058893799782,
    0.048385944589972495,
    0.04999328475445509,
    0.05017465554177761,
    0.0415848951973021,
    0.04627429906278849,
    0.03876026000827551,
    0.04942807678133249,
    0.047294151335954666,
    0.046838932428509,
    0.041182767264544964,
    0.042329000774770975,
    0.043117828592658045,
    0.040175752490758894,
    0.04737762324512005,
    0.03915332965552807,
    0.047072199359536174,
    0.03623160157352686,
    0.03913093954324722,
    0.04704584315419197,
    0.03823133172467351,
    0.04058588169515133,
    0.04592896807938814,
    0.03811423238366842
  ]
}