{
  "held_out_subjects": [
    "s004",
    "s011",
    "s015",
    "s019",
    "s024",
    "s026",
    "s028",
    "s029",
    "s034",
    "s041",
    "s044",
    "s046",
    "s048",
    "s049",
    "s057"
  ],
  "background_subjects": [
    "s002",
    "s003",
    "s005",
    "s007",
    "s008",
    "s010",
    "s012",
    "s013",
    "s016",
    "s017",
    "s018",
    "s020",
    "s021",
    "s022",
    "s025",
    "s027",
    "s030",
    "s031",
    "s032",
    "s033",
    "s035",
    "s036",
    "s037",
    "s038",
    "s039",
    "s040",
    "s042",
    "s043",
    "s047",
    "s050",
    "s051",
    "s052",
    "s053",
    "s054",
    "s055",
    "s056"
  ],
  "embedding_sanity": {
    "intra_mean": 0.6396186657838725,
    "inter_mean": 1.3033519698079374,
    "ratio": 2.037701586164061
  },
  "encoder": {
    "per_subject": {
      "s004": {
        "eer": 0.10732142857142857,
        "eer_threshold": -0.7756063938140869,
        "roc_auc": 0.9442857142857144,
        "pr_auc": 0.4339078435017144,
        "n_genuine": 200,
        "n_impostor": 2800
      },
      "s011": {
        "eer": 0.043750000000000025,
        "eer_threshold": -0.641510546207428,
        "roc_auc": 0.9909785714285714,
        "pr_auc": 0.9315055416670743,
        "n_genuine": 200,
        "n_impostor": 2800
      },
      "s015": {
        "eer": 0.1685714285714286,
        "eer_threshold": -0.7714717984199524,
        "roc_auc": 0.9095374999999999,
        "pr_auc": 0.4523047007957693,
        "n_genuine": 200,
        "n_impostor": 2800
      },
      "s019": {
        "eer": 0.0789285714285714,
        "eer_threshold": -0.787071168422699,
        "roc_auc": 0.9789169642857142,
        "pr_auc": 0.8216655836071696,
        "n_genuine": 200,
        "n_impostor": 2800
      },
      "s024": {
        "eer": 0.05071428571428574,
        "eer_threshold": -0.7833036780357361,
        "roc_auc": 0.9816982142857144,
        "pr_auc": 0.7054692867919137,
        "n_genuine": 200,
        "n_impostor": 2800
      },
      "s026": {
        "eer": 0.0807142857142857,
        "eer_threshold": -0.7036495804786682,
        "roc_auc": 0.9784392857142858,
        "pr_auc": 0.8251605032449996,
        "n_genuine": 200,
        "n_impostor": 2800
      },
      "s028": {
        "eer": 0.0430357142857143,
        "eer_threshold": -0.8383997082710266,
        "roc_auc": 0.9921142857142857,
        "pr_auc": 0.9358172382694184,
        "n_genuine": 200,
        "n_impostor": 2800
      },
      "s029": {
        "eer": 0.08964285714285714,
        "eer_threshold": -0.6992541551589966,
        "roc_auc": 0.9669160714285714,
        "pr_auc": 0.8030035205497846,
        "n_genuine": 200,
        "n_impostor": 2800
      },
      "s034": {
        "eer": 0.10482142857142857,
        "eer_threshold": -0.7603265047073364,
        "roc_auc": 0.9635392857142857,
        "pr_auc": 0.7285978744526745,
        "n_genuine": 200,
        "n_impostor": 2800
      },
      "s041": {
        "eer": 0.0242857142857143,
        "eer_threshold": -0.7411074042320251,
        "roc_auc": 0.9960732142857143,
        "pr_auc": 0.9681583628489021,
        "n_genuine": 200,
        "n_impostor": 2800
      },
      "s044": {
        "eer": 0.11464285714285713,
        "eer_threshold": -0.8443386554718018,
        "roc_auc": 0.9459375,
        "pr_auc": 0.5243712956038964,
        "n_genuine": 200,
        "n_impostor": 2800
      },
      "s046": {
        "eer": 0.13517857142857143,
        "eer_threshold": -0.8503215909004211,
        "roc_auc": 0.9478303571428572,
        "pr_auc": 0.7219015685221853,
        "n_genuine": 200,
        "n_impostor": 2800
      },
      "s048": {
        "eer": 0.07964285714285713,
        "eer_threshold": -0.6480703353881836,
        "roc_auc": 0.9656535714285713,
        "pr_auc": 0.6606749376968322,
        "n_genuine": 200,
        "n_impostor": 2800
      },
      "s049": {
        "eer": 0.004285714285714288,
        "eer_threshold": -0.7555384039878845,
        "roc_auc": 0.999525,
        "pr_auc": 0.9912541556875204,
        "n_genuine": 200,
        "n_impostor": 2800
      },
      "s057": {
        "eer": 0.16000000000000003,
        "eer_threshold": -0.7563230395317078,
        "roc_auc": 0.9206071428571428,
        "pr_auc": 0.46225227245783906,
        "n_genuine": 200,
        "n_impostor": 2800
      }
    },
    "pooled": {
      "eer": 0.09591666666666665,
      "eer_threshold": -0.7629245519638062,
      "roc_auc": 0.9666312261904761,
      "pr_auc": 0.7331030597285804,
      "n_genuine": 3000,
      "n_impostor": 42000
    }
  },
  "classical_baseline_heldout": {
    "per_subject": {
      "s004": {
        "eer": 0.1517857142857143,
        "eer_threshold": 0.038738648660526676,
        "roc_auc": 0.9273517857142856,
        "pr_auc": 0.6877209918176658,
        "n_genuine": 200,
        "n_impostor": 2800
      },
      "s011": {
        "eer": 0.28535714285714286,
        "eer_threshold": 0.05576727906870049,
        "roc_auc": 0.8322125,
        "pr_auc": 0.34328470621799184,
        "n_genuine": 200,
        "n_impostor": 2800
      },
      "s015": {
        "eer": 0.2567857142857143,
        "eer_threshold": 0.04926669612542761,
        "roc_auc": 0.8245267857142857,
        "pr_auc": 0.27931452481622404,
        "n_genuine": 200,
        "n_impostor": 2800
      },
      "s019": {
        "eer": 0.04071428571428573,
        "eer_threshold": 0.044762735483020455,
        "roc_auc": 0.988825,
        "pr_auc": 0.96564407392778,
        "n_genuine": 200,
        "n_impostor": 2800
      },
      "s024": {
        "eer": 0.06053571428571431,
        "eer_threshold": 0.04089223428004585,
        "roc_auc": 0.9913000000000001,
        "pr_auc": 0.9295364384701742,
        "n_genuine": 200,
        "n_impostor": 2800
      },
      "s026": {
        "eer": 0.09982142857142856,
        "eer_threshold": 0.035037083957465076,
        "roc_auc": 0.9619678571428572,
        "pr_auc": 0.8481987208754512,
        "n_genuine": 200,
        "n_impostor": 2800
      },
      "s028": {
        "eer": 0.07464285714285712,
        "eer_threshold": 0.009000875002676989,
        "roc_auc": 0.9766035714285715,
        "pr_auc": 0.7899642732858126,
        "n_genuine": 200,
        "n_impostor": 2800
      },
      "s029": {
        "eer": 0.14285714285714285,
        "eer_threshold": 0.016747877636324515,
        "roc_auc": 0.9449339285714285,
        "pr_auc": 0.7883126908009754,
        "n_genuine": 200,
        "n_impostor": 2800
      },
      "s034": {
        "eer": 0.29053571428571434,
        "eer_threshold": 0.08227200754555963,
        "roc_auc": 0.7807285714285714,
        "pr_auc": 0.277740779531683,
        "n_genuine": 200,
        "n_impostor": 2800
      },
      "s041": {
        "eer": 0.15392857142857144,
        "eer_threshold": 0.045919056720172824,
        "roc_auc": 0.9217732142857142,
        "pr_auc": 0.7836590600210536,
        "n_genuine": 200,
        "n_impostor": 2800
      },
      "s044": {
        "eer": 0.10374999999999998,
        "eer_threshold": 0.0790065922739468,
        "roc_auc": 0.9582982142857143,
        "pr_auc": 0.7279117354257677,
        "n_genuine": 200,
        "n_impostor": 2800
      },
      "s046": {
        "eer": 0.1480357142857143,
        "eer_threshold": 0.10035698592393832,
        "roc_auc": 0.928975,
        "pr_auc": 0.7451517712781062,
        "n_genuine": 200,
        "n_impostor": 2800
      },
      "s048": {
        "eer": 0.11517857142857142,
        "eer_threshold": 0.050891976603825495,
        "roc_auc": 0.9490285714285714,
        "pr_auc": 0.6724550436468653,
        "n_genuine": 200,
        "n_impostor": 2800
      },
      "s049": {
        "eer": 0.04625000000000002,
        "eer_threshold": 0.06795128233997699,
        "roc_auc": 0.9769821428571429,
        "pr_auc": 0.9528389074428818,
        "n_genuine": 200,
        "n_impostor": 2800
      },