{
  "algorithm": "one_class_svm",
  "pooled": {
    "eer": 0.1805735294117647,
    "eer_threshold": -0.09223309290286164,
    "roc_auc": 0.880318588427528,
    "pr_auc": 0.11897619930138974,
    "n_genuine": 10200,
    "n_impostor": 510000
  },
  "per_subject": {
    "s002": {
      "eer": 0.27275000000000005,
      "eer_threshold": -0.2066122884822204,
      "roc_auc": 0.773595,
      "pr_auc": 0.08462618093069206,
      "n_genuine": 200,
      "n_impostor": 10000
    },
    "s003": {
      "eer": 0.39915,
      "eer_threshold": -0.13620104573889374,
      "roc_auc": 0.640041,
      "pr_auc": 0.027052988104643776,
      "n_genuine": 200,
      "n_impostor": 10000
    },
    "s004": {
      "eer": 0.14035,
      "eer_threshold": -0.030606379567278963,
      "roc_auc": 0.9120455,
      "pr_auc": 0.17695223140252928,
      "n_genuine": 200,
      "n_impostor": 10000
    },
    "s005": {
      "eer": 0.05065000000000002,
      "eer_threshold": -0.16239869764148362,
      "roc_auc": 0.9770825,
      "pr_auc": 0.5007040169022073,
      "n_genuine": 200,
      "n_impostor": 10000
    },
    "s007": {
      "eer": 0.35465,
      "eer_threshold": -0.1519579300742364,
      "roc_auc": 0.704209,
      "pr_auc": 0.030254027853991818,
      "n_genuine": 200,
      "n_impostor": 10000
    },
    "s008": {
      "eer": 0.19115,
      "eer_threshold": -0.08205994809232597,
      "roc_auc": 0.8614445000000001,
      "pr_auc": 0.07908928758339742,
      "n_genuine": 200,
      "n_impostor": 10000
    },
    "s010": {
      "eer": 0.05040000000000002,
      "eer_threshold": -0.12963824269235252,
      "roc_auc": 0.9814634999999999,
      "pr_auc": 0.5753686692674588,
      "n_genuine": 200,
      "n_impostor": 10000
    },
    "s011": {
      "eer": 0.36985,
      "eer_threshold": -0.10498146050239904,
      "roc_auc": 0.6600940000000001,
      "pr_auc": 0.027125160839475707,
      "n_genuine": 200,
      "n_impostor": 10000
    },
    "s012": {
      "eer": 0.15940000000000001,
      "eer_threshold": 0.010890708190253062,
      "roc_auc": 0.910142,
      "pr_auc": 0.12968898308572746,
      "n_genuine": 200,
      "n_impostor": 10000
    },
    "s013": {
      "eer": 0.15525,
      "eer_threshold": -0.1406886309146213,
      "roc_auc": 0.894231,
      "pr_auc": 0.13273080260607775,
      "n_genuine": 200,
      "n_impostor": 10000
    },
    "s015": {
      "eer": 0.28500000000000003,
      "eer_threshold": -0.10101070215491914,
      "roc_auc": 0.7596485,
      "pr_auc": 0.03736940554202058,
      "n_genuine": 200,
      "n_impostor": 10000
    },
    "s016": {
      "eer": 0.07584999999999997,
      "eer_threshold": -0.3559313969683735,
      "roc_auc": 0.9615309999999999,
      "pr_auc": 0.6333404503183461,
      "n_genuine": 200,
      "n_impostor": 10000
    },
    "s017": {
      "eer": 0.03925000000000002,
      "eer_threshold": -0.32632336300793635,
      "roc_auc": 0.9819815,
      "pr_auc": 0.6580621034005125,
      "n_genuine": 200,
      "n_impostor": 10000
    },
    "s018": {
      "eer": 0.34604999999999997,
      "eer_threshold": 0.016353124819627918,
      "roc_auc": 0.690412,
      "pr_auc": 0.030229049695762556,
      "n_genuine": 200,
      "n_impostor": 10000
    },
    "s019": {
      "eer": 0.06540000000000003,
      "eer_threshold": -0.2630396884912859,
      "roc_auc": 0.980915,
      "pr_auc": 0.8858958522541088,
      "n_genuine": 200,
      "n_impostor": 10000
    },
    "s020": {
      "eer": 0.30920000000000003,
      "eer_threshold": 0.02080865590251657,
      "roc_auc": 0.756386,
      "pr_auc": 0.05020724317406076,
      "n_genuine": 200,
      "n_impostor": 10000
    },
    "s021": {
      "eer": 0.1693,
      "eer_threshold": -0.0900076388118618,
      "roc_auc": 0.8850665000000001,
      "pr_auc": 0.13037918973724913,
      "n_genuine": 200,
      "n_impostor": 10000
    },
    "s022": {
      "eer": 0.03785000000000001,
      "eer_threshold": -0.3848671337936995,
      "roc_auc": 0.990824,
      "pr_auc": 0.7440990494837573,
      "n_genuine": 200,
      "n_impostor": 10000
    },
    "s024": {
      "eer": 0.05605000000000002,
      "eer_threshold": -0.13252160504555788,
      "roc_auc": 0.9759924999999999,
      "pr_auc": 0.5316497763513284,
      "n_genuine": 200,
      "n_impostor": 10000
    },
    "s025": {
      "eer": 0.06990000000000002,
      "eer_threshold": -0.26967935037715973,
      "roc_auc": 0.9689515,
      "pr_auc": 0.9121609524092111,
      "n_genuine": 200,
      "n_impostor": 10000
    },
    "s026": {
      "eer": 0.08004999999999998,
      "eer_threshold": -0.1480495748449538,
      "roc_auc": 0.956759,
      "pr_auc": 0.7032242193177509,
      "n_genuine": 200,
      "n_impostor": 10000
    },
    "s027": {
      "eer": 0.07424999999999998,
      "eer_threshold": -0.2582748581120059,
      "roc_auc": 0.9610365,
      "pr_auc": 0.8149703269649992,
      "n_genuine": 200,
      "n_impostor": 10000
    },
    "s028": {
      "eer": 0.06479999999999997,
      "eer_threshold": -0.28854152389210785,
      "roc_auc": 0.9723805,
      "pr_auc": 0.4423337935973123,
      "n_genuine": 200,
      "n_impostor": 10000
    },
    "s029": {
      "eer": 0.13435000000000002,
      "eer_threshold": -0.17741214917470483,
      "roc_auc": 0.9084555,
      "pr_auc": 0.26825720991163055,
      "n_genuine": 200,
      "n_impostor": 10000
    },
    "s030": {
      "eer": 0.10594999999999999,
      "eer_threshold": 0.035299204519341654,
      "roc_auc": 0.9405209999999998,
      "pr_auc": 0.43739511994097746,
      "n_genuine": 200,
      "n_impostor": 10000
    },
    "s031": {
      "eer": 0.23854999999999998,
      "eer_threshold": -0.043356147976502335,
      "roc_auc": 0.8243035000000001,
      "pr_auc": 0.11210069731613326,
      "n_genuine": 200,
      "n_impostor": 10000
    },
    "s032": {
      "eer": 0.42545,
      "eer_threshold": -0.038416249683121184,
      "roc_auc": 0.5933185,
      "pr_auc": 0.022466516158712535,
      "n_genuine": 200,
      "n_impostor": 10000
    },
    "s033": {
      "eer": 0.07529999999999998,
      "eer_threshold": -0.1537116253933835,
      "roc_auc": 0.9617915,
      "pr_auc": 0.6454213770797177,
      "n_genuine": 200,
      "n_impostor": 10000
    },
    "s034": {
      "eer": 0.31999999999999995,
      "eer_threshold": -0.05193426245964339,
      "roc_auc": 0.7152789999999999,
      "pr_auc": 0.03389048045302545,
      "n_genuine": 200,
      "n_impostor": 10000
    },
    "s035": {
      "eer": 0.2243,
      "eer_threshold": -0.06471653708742298,
      "roc_auc": 0.8352885,
      "pr_auc": 0.11674828889989694,
      "n_genuine": 200,
      "n_impostor": 10000
    },
    "s036": {
      "eer": 0.005350000000000002,
      "eer_threshold": -0.38535701668011363,
      "roc_auc": 0.999966,
      "pr_auc": 0.9986175208398383,
      "n_genuine": 200,
      "n_impostor": 10000
    },
    "s037": {
      "eer": 0.21875,
      "eer_threshold": -0.10332184954709839,
      "roc_auc": 0.8279935,
      "pr_auc": 0.07525735165244984,
      "n_genuine": 200,
      "n_impostor": 10000
    },
    "s038": {
      "eer": 0.09009999999999999,
      "eer_threshold": -0.0019871721377929807,
      "roc_auc": 0.9415629999999999,
      "pr_auc": 0.24886075799785973,
      "n_genuine": 200,
      "n_impostor": 10000
    },
    "s039": {
      "eer": 0.12945,
      "eer_threshold": -0.06600756165549526,
      "roc_auc": 0.8931725,
      "pr_auc": 0.18817524232905958,
      "n_genuine": 200,
      "n_impostor": 10000
    },
    "s040": {
      "eer": 0.09914999999999999,
      "eer_threshold": -0.14306702002358251,
      "roc_auc": 0.9456410000000001,
      "pr_auc": 0.7528042730089137,
      "n_genuine": 200,
      "n_impostor": 10000
    },
    "s041": {
      "eer": 0.18500000000000003,
      "eer_threshold": -0.028323662306423136,
      "roc_auc": 0.8288190000000001,
      "pr_auc": 0.08413630405464757,
      "n_genuine": 200,
      "n_impostor": 10000
    },