{
  "algorithm": "isolation_forest",
  "pooled": {
    "eer": 0.17264803921568625,
    "eer_threshold": 0.05036972996722766,
    "roc_auc": 0.9078342989234909,
    "pr_auc": 0.3058921002328276,
    "n_genuine": 10200,
    "n_impostor": 510000
  },
  "per_subject": {
    "s002": {
      "eer": 0.3052,
      "eer_threshold": 0.05288012028838718,
      "roc_auc": 0.7559359999999999,
      "pr_auc": 0.3326579308847758,
      "n_genuine": 200,
      "n_impostor": 10000
    },
    "s003": {
      "eer": 0.32484999999999997,
      "eer_threshold": 0.03558706046157328,
      "roc_auc": 0.7611005,
      "pr_auc": 0.11558973508259114,
      "n_genuine": 200,
      "n_impostor": 10000
    },
    "s004": {
      "eer": 0.17015000000000002,
      "eer_threshold": 0.04033349589361851,
      "roc_auc": 0.9141249999999999,
      "pr_auc": 0.32502042411129756,
      "n_genuine": 200,
      "n_impostor": 10000
    },
    "s005": {
      "eer": 0.05210000000000002,
      "eer_threshold": 0.05657029715622791,
      "roc_auc": 0.9846929999999999,
      "pr_auc": 0.80328568745134,
      "n_genuine": 200,
      "n_impostor": 10000
    },
    "s007": {
      "eer": 0.27995000000000003,
      "eer_threshold": 0.03390514263161559,
      "roc_auc": 0.80251,
      "pr_auc": 0.06886309305945434,
      "n_genuine": 200,
      "n_impostor": 10000
    },
    "s008": {
      "eer": 0.15850000000000003,
      "eer_threshold": 0.050763254313963,
      "roc_auc": 0.9194015,
      "pr_auc": 0.32536170225524336,
      "n_genuine": 200,
      "n_impostor": 10000
    },
    "s010": {
      "eer": 0.035650000000000015,
      "eer_threshold": 0.04009456775231196,
      "roc_auc": 0.9953475,
      "pr_auc": 0.9049220081896637,
      "n_genuine": 200,
      "n_impostor": 10000
    },
    "s011": {
      "eer": 0.26065,
      "eer_threshold": 0.05382316241423918,
      "roc_auc": 0.8374444999999999,
      "pr_auc": 0.11875228961593814,
      "n_genuine": 200,
      "n_impostor": 10000
    },
    "s012": {
      "eer": 0.07844999999999998,
      "eer_threshold": 0.08607051155821277,
      "roc_auc": 0.9784154999999998,
      "pr_auc": 0.7383422125152997,
      "n_genuine": 200,
      "n_impostor": 10000
    },
    "s013": {
      "eer": 0.17035,
      "eer_threshold": 0.030986219813059157,
      "roc_auc": 0.923647,
      "pr_auc": 0.5453123563165083,
      "n_genuine": 200,
      "n_impostor": 10000
    },
    "s015": {
      "eer": 0.22965,
      "eer_threshold": 0.04634054064647092,
      "roc_auc": 0.856578,
      "pr_auc": 0.16535791965249766,
      "n_genuine": 200,
      "n_impostor": 10000
    },
    "s016": {
      "eer": 0.08849999999999998,
      "eer_threshold": -0.0022824866699501234,
      "roc_auc": 0.9640880000000001,
      "pr_auc": 0.6932863528515179,
      "n_genuine": 200,
      "n_impostor": 10000
    },
    "s017": {
      "eer": 0.03995000000000001,
      "eer_threshold": 0.007021574815890108,
      "roc_auc": 0.9938434999999999,
      "pr_auc": 0.8834774161051598,
      "n_genuine": 200,
      "n_impostor": 10000
    },
    "s018": {
      "eer": 0.21289999999999998,
      "eer_threshold": 0.09320921254138526,
      "roc_auc": 0.867655,
      "pr_auc": 0.3804913135143813,
      "n_genuine": 200,
      "n_impostor": 10000
    },
    "s019": {
      "eer": 0.045350000000000015,
      "eer_threshold": 0.04480103735847696,
      "roc_auc": 0.9897469999999999,
      "pr_auc": 0.9335767889322917,
      "n_genuine": 200,
      "n_impostor": 10000
    },
    "s020": {
      "eer": 0.18999999999999997,
      "eer_threshold": 0.10474260506257915,
      "roc_auc": 0.8817385000000001,
      "pr_auc": 0.25194586765218946,
      "n_genuine": 200,
      "n_impostor": 10000
    },
    "s021": {
      "eer": 0.1839,
      "eer_threshold": 0.0426095816998916,
      "roc_auc": 0.9014485,
      "pr_auc": 0.4352616003514776,
      "n_genuine": 200,
      "n_impostor": 10000
    },
    "s022": {
      "eer": 0.055100000000000024,
      "eer_threshold": 0.03485734520372824,
      "roc_auc": 0.989772,
      "pr_auc": 0.8553143632823758,
      "n_genuine": 200,
      "n_impostor": 10000
    },
    "s024": {
      "eer": 0.04480000000000002,
      "eer_threshold": 0.03225660655401741,
      "roc_auc": 0.9946605,
      "pr_auc": 0.8904111007583888,
      "n_genuine": 200,
      "n_impostor": 10000
    },
    "s025": {
      "eer": 0.10389999999999999,
      "eer_threshold": 0.028581943480408656,
      "roc_auc": 0.9600885,
      "pr_auc": 0.8265141931628374,
      "n_genuine": 200,
      "n_impostor": 10000
    },
    "s026": {
      "eer": 0.0948,
      "eer_threshold": 0.035024758364353314,
      "roc_auc": 0.9621489999999999,
      "pr_auc": 0.7699807063141549,
      "n_genuine": 200,
      "n_impostor": 10000
    },
    "s027": {
      "eer": 0.07024999999999998,
      "eer_threshold": 0.03389312197322336,
      "roc_auc": 0.9711075,
      "pr_auc": 0.8623532568554184,
      "n_genuine": 200,
      "n_impostor": 10000
    },
    "s028": {
      "eer": 0.05085000000000002,
      "eer_threshold": -0.0018881057281283642,
      "roc_auc": 0.986557,
      "pr_auc": 0.7327875076795718,
      "n_genuine": 200,
      "n_impostor": 10000
    },
    "s029": {
      "eer": 0.12845,
      "eer_threshold": 0.016557810070012335,
      "roc_auc": 0.948137,
      "pr_auc": 0.6293512031199685,
      "n_genuine": 200,
      "n_impostor": 10000
    },
    "s030": {
      "eer": 0.10699999999999998,
      "eer_threshold": 0.050346496617441006,
      "roc_auc": 0.9507665000000001,
      "pr_auc": 0.7497261639190438,
      "n_genuine": 200,
      "n_impostor": 10000
    },
    "s031": {
      "eer": 0.31594999999999995,
      "eer_threshold": 0.05076749175089729,
      "roc_auc": 0.7821524999999999,
      "pr_auc": 0.23010444560297078,
      "n_genuine": 200,
      "n_impostor": 10000
    },
    "s032": {
      "eer": 0.44399999999999995,
      "eer_threshold": 0.049438084059238385,
      "roc_auc": 0.593158,
      "pr_auc": 0.035295534594499474,
      "n_genuine": 200,
      "n_impostor": 10000
    },
    "s033": {
      "eer": 0.12895,
      "eer_threshold": 0.0461262225959852,
      "roc_auc": 0.9153620000000001,
      "pr_auc": 0.6254129425846706,
      "n_genuine": 200,
      "n_impostor": 10000
    },
    "s034": {
      "eer": 0.28355,
      "eer_threshold": 0.08200495930555024,
      "roc_auc": 0.7998329999999999,
      "pr_auc": 0.13969213254870116,
      "n_genuine": 200,
      "n_impostor": 10000
    },
    "s035": {
      "eer": 0.21399999999999997,
      "eer_threshold": 0.02451837367525478,
      "roc_auc": 0.878736,
      "pr_auc": 0.42878623326833504,
      "n_genuine": 200,
      "n_impostor": 10000
    },
    "s036": {
      "eer": 0.009750000000000005,
      "eer_threshold": -0.0032128258590731207,
      "roc_auc": 0.9998585,
      "pr_auc": 0.9947883642784311,
      "n_genuine": 200,
      "n_impostor": 10000
    },
    "s037": {
      "eer": 0.22925,
      "eer_threshold": 0.052770883787937206,
      "roc_auc": 0.869732,
      "pr_auc": 0.228532541863002,
      "n_genuine": 200,
      "n_impostor": 10000
    },
    "s038": {
      "eer": 0.10044999999999998,
      "eer_threshold": 0.08443136204973112,
      "roc_auc": 0.9649585,
      "pr_auc": 0.7986976668425814,
      "n_genuine": 200,
      "n_impostor": 10000
    },
    "s039": {
      "eer": 0.08164999999999997,
      "eer_threshold": 0.04360350586325484,
      "roc_auc": 0.9623845,
      "pr_auc": 0.8413496847666173,
      "n_genuine": 200,
      "n_impostor": 10000
    },
    "s040": {
      "eer": 0.17070000000000002,
      "eer_threshold": 0.04899384876063917,
      "roc_auc": 0.8875184999999999,
      "pr_auc": 0.6382460075037937,
      "n_genuine": 200,
      "n_impostor": 10000
    },
    "s041": {
      "eer": 0.16790000000000002,
      "eer_threshold": 0.05040867904795909,
      "roc_auc": 0.9046355,
      "pr_auc": 0.46426694094491794,
      "n_genuine": 200,
      "n_impostor": 10000
    },